{"cameraMode":{"drawMode":0,"name":"Shaded","section":"Shading Mode"},"sceneLighting":false,"audioPlay":false,"sceneViewState":{"showFog":true,"showMaterialUpdate":true,"showSkybox":true,"showFlares":true,"showImageEffects":true,"showParticleSystems":true},"in2DMode":false,"pivot":{"x":568.1991577148438,"y":810.7772216796875,"z":-1059.2939453125},"rotation":{"x":-0.08867715299129486,"y":-0.018827253952622415,"z":0.0016765070613473654,"w":-0.9958821535110474},"size":106.0660171508789,"orthographic":false}